ckanurl,url,licence,title,res_title,description,format,created,tags,groups,organization
https://www.data.go.jp/data/dataset/maff_20140918_0073/resource/d403baf1-4fa8-44d8-8d08-a6879ea0c3e9,http://www.rinya.maff.go.jp/j/kikaku/hakusyo/21hakusyo_h/other/h_01.epub,政府標準利用規約（第 2.0 版）,森林・林業白書 平成21年度（平成22年4月27日公表）,はじめに_epub,はじめに,epub,2014-09-26T14:55:34.986301,4000012080002;agriculture and forestry;white_paper and annual_report;林業;白書_年次報告;白書_年次報告書等;農業_林業,農林水産業,農林水産省
https://www.data.go.jp/data/dataset/maff_20140918_0073/resource/d21a7778-04bd-4668-aa57-4d041fc1177b,http://www.rinya.maff.go.jp/j/kikaku/hakusyo/21hakusyo_h/other/h_02.epub,政府標準利用規約（第 2.0 版）,森林・林業白書 平成21年度（平成22年4月27日公表）,トピックス_epub1,トピックス,epub,2014-09-26T14:55:34.986307,4000012080002;agriculture and forestry;white_paper and annual_report;林業;白書_年次報告;白書_年次報告書等;農業_林業,農林水産業,農林水産省
https://www.data.go.jp/data/dataset/maff_20140918_0073/resource/16537afd-57fa-42ed-9f9a-77c928e4585a,http://www.rinya.maff.go.jp/j/kikaku/hakusyo/21hakusyo_h/other/h_03.epub,政府標準利用規約（第 2.0 版）,森林・林業白書 平成21年度（平成22年4月27日公表）,第I章 林業の再生に向けた生産性向上の取組_epub1,林業の再生に向けた生産性向上の取組,epub,2014-09-26T14:55:34.986314,4000012080002;agriculture and forestry;white_paper and annual_report;林業;白書_年次報告;白書_年次報告書等;農業_林業,農林水産業,農林水産省
https://www.data.go.jp/data/dataset/maff_20140918_0073/resource/8719686b-456b-4e1c-a462-5a568d82664b,http://www.rinya.maff.go.jp/j/kikaku/hakusyo/21hakusyo_h/other/h_04.epub,政府標準利用規約（第 2.0 版）,森林・林業白書 平成21年度（平成22年4月27日公表）,1 我が国の林業の課題_epub,我が国の林業の課題,epub,2014-09-26T14:55:34.986320,4000012080002;agriculture and forestry;white_paper and annual_report;林業;白書_年次報告;白書_年次報告書等;農業_林業,農林水産業,農林水産省
https://www.data.go.jp/data/dataset/maff_20140918_0073/resource/6255adba-135b-4c8b-8e74-c559f60f6ea0,http://www.rinya.maff.go.jp/j/kikaku/hakusyo/21hakusyo_h/other/h_05.epub,政府標準利用規約（第 2.0 版）,森林・林業白書 平成21年度（平成22年4月27日公表）,（1） 造林・保育_epub,造林・保育,epub,2014-09-26T14:55:34.986327,4000012080002;agriculture and forestry;white_paper and annual_report;林業;白書_年次報告;白書_年次報告書等;農業_林業,農林水産業,農林水産省
https://www.data.go.jp/data/dataset/maff_20140918_0073/resource/15b0bc0f-d5a3-480d-ae25-0278bcb327ad,http://www.rinya.maff.go.jp/j/kikaku/hakusyo/21hakusyo_h/other/h_06.epub,政府標準利用規約（第 2.0 版）,森林・林業白書 平成21年度（平成22年4月27日公表）, （2） 間伐_epub,間伐,epub,2014-09-26T14:55:34.986333,4000012080002;agriculture and forestry;white_paper and annual_report;林業;白書_年次報告;白書_年次報告書等;農業_林業,農林水産業,農林水産省
https://www.data.go.jp/data/dataset/maff_20140918_0073/resource/bbdd3626-9240-42b8-b3b2-5dfd4413a8fb,http://www.rinya.maff.go.jp/j/kikaku/hakusyo/21hakusyo_h/other/h_07.epub,政府標準利用規約（第 2.0 版）,森林・林業白書 平成21年度（平成22年4月27日公表）, （3） 素材生産_epub,素材生産,epub,2014-09-26T14:55:34.986340,4000012080002;agriculture and forestry;white_paper and annual_report;林業;白書_年次報告;白書_年次報告書等;農業_林業,農林水産業,農林水産省
https://www.data.go.jp/data/dataset/maff_20140918_0073/resource/336694cf-cc60-427f-9a11-e0afe7b15a17,http://www.rinya.maff.go.jp/j/kikaku/hakusyo/21hakusyo_h/other/h_08.epub,政府標準利用規約（第 2.0 版）,森林・林業白書 平成21年度（平成22年4月27日公表）, （4） 林内路網の整備_epub,林内路網の整備,epub,2014-09-26T14:55:34.986346,4000012080002;agriculture and forestry;white_paper and annual_report;林業;白書_年次報告;白書_年次報告書等;農業_林業,農林水産業,農林水産省
https://www.data.go.jp/data/dataset/maff_20140918_0073/resource/41b2e286-bbcb-4628-80f6-42694b318a37,http://www.rinya.maff.go.jp/j/kikaku/hakusyo/21hakusyo_h/other/h_09.epub,政府標準利用規約（第 2.0 版）,森林・林業白書 平成21年度（平成22年4月27日公表）,（1） 生産性向上に必要な条件整備_epub,生産性向上に必要な条件整備,epub,2014-09-26T14:55:34.986352,4000012080002;agriculture and forestry;white_paper and annual_report;林業;白書_年次報告;白書_年次報告書等;農業_林業,農林水産業,農林水産省
https://www.data.go.jp/data/dataset/maff_20140918_0073/resource/12f7c35d-5266-468f-afb9-1a1c94f7804d,http://www.rinya.maff.go.jp/j/kikaku/hakusyo/21hakusyo_h/other/h_10.epub,政府標準利用規約（第 2.0 版）,森林・林業白書 平成21年度（平成22年4月27日公表）,第II章 地球温暖化と森林_epub1,地球温暖化と森林,epub,2014-09-26T14:55:34.986359,4000012080002;agriculture and forestry;white_paper and annual_report;林業;白書_年次報告;白書_年次報告書等;農業_林業,農林水産業,農林水産省
https://www.data.go.jp/data/dataset/maff_20140918_0073/resource/3848c303-6307-4b1c-a8c2-aeb23aa48f3b,http://www.rinya.maff.go.jp/j/kikaku/hakusyo/21hakusyo_h/other/h_11.epub,政府標準利用規約（第 2.0 版）,森林・林業白書 平成21年度（平成22年4月27日公表）,（1） 地球温暖化の現状_epub,地球温暖化の現状,epub,2014-09-26T14:55:34.986365,4000012080002;agriculture and forestry;white_paper and annual_report;林業;白書_年次報告;白書_年次報告書等;農業_林業,農林水産業,農林水産省
https://www.data.go.jp/data/dataset/maff_20140918_0073/resource/a7dca2af-6c12-42b1-86f3-b03a7b728766,http://www.rinya.maff.go.jp/j/kikaku/hakusyo/21hakusyo_h/other/h_12.epub,政府標準利用規約（第 2.0 版）,森林・林業白書 平成21年度（平成22年4月27日公表）,（2） 京都議定書の目標達成に向けた取組_epub,京都議定書の目標達成に向けた取組,epub,2014-09-26T14:55:34.986372,4000012080002;agriculture and forestry;white_paper and annual_report;林業;白書_年次報告;白書_年次報告書等;農業_林業,農林水産業,農林水産省
https://www.data.go.jp/data/dataset/maff_20140918_0073/resource/2852fb37-f2c8-41b1-a71a-c5a3c4757513,http://www.rinya.maff.go.jp/j/kikaku/hakusyo/21hakusyo_h/other/h_13.epub,政府標準利用規約（第 2.0 版）,森林・林業白書 平成21年度（平成22年4月27日公表）,2 京都議定書第1約束期間終了後の枠組み_epub,京都議定書第1約束期間終了後の枠組み,epub,2014-09-26T14:55:34.986378,4000012080002;agriculture and forestry;white_paper and annual_report;林業;白書_年次報告;白書_年次報告書等;農業_林業,農林水産業,農林水産省
https://www.data.go.jp/data/dataset/maff_20140918_0073/resource/7f3ba18a-094a-408b-bb9a-271670533474,http://www.rinya.maff.go.jp/j/kikaku/hakusyo/21hakusyo_h/other/h_14.epub,政府標準利用規約（第 2.0 版）,森林・林業白書 平成21年度（平成22年4月27日公表）,第III章 多様で健全な森林の整備・保全_epub1,多様で健全な森林の整備・保全,epub,2014-09-26T14:55:34.986384,4000012080002;agriculture and forestry;white_paper and annual_report;林業;白書_年次報告;白書_年次報告書等;農業_林業,農林水産業,農林水産省
https://www.data.go.jp/data/dataset/maff_20140918_0073/resource/77ff5fa3-1c5f-43fb-8f04-ab6098b27297,http://www.rinya.maff.go.jp/j/kikaku/hakusyo/21hakusyo_h/other/h_15.epub,政府標準利用規約（第 2.0 版）,森林・林業白書 平成21年度（平成22年4月27日公表）,（1） 適切な森林整備の推進_epub,適切な森林整備の推進,epub,2014-09-26T14:55:34.986391,4000012080002;agriculture and forestry;white_paper and annual_report;林業;白書_年次報告;白書_年次報告書等;農業_林業,農林水産業,農林水産省
https://www.data.go.jp/data/dataset/maff_20140918_0073/resource/2019726a-2693-4424-8805-1f0faed4bf2c,http://www.rinya.maff.go.jp/j/kikaku/hakusyo/21hakusyo_h/other/h_16.epub,政府標準利用規約（第 2.0 版）,森林・林業白書 平成21年度（平成22年4月27日公表）,（2） 国民参加の森林（もり）づくり等の推進_epub,国民参加の森林（もり）づくり等の推進,epub,2014-09-26T14:55:34.986397,4000012080002;agriculture and forestry;white_paper and annual_report;林業;白書_年次報告;白書_年次報告書等;農業_林業,農林水産業,農林水産省
https://www.data.go.jp/data/dataset/maff_20140918_0073/resource/be9e6a64-470a-4dd5-a54e-d06d9abb37a4,http://www.rinya.maff.go.jp/j/kikaku/hakusyo/21hakusyo_h/other/h_17.epub,政府標準利用規約（第 2.0 版）,森林・林業白書 平成21年度（平成22年4月27日公表）,（1） 保安林の適切な管理の推進_epub,保安林の適切な管理の推進,epub,2014-09-26T14:55:34.986403,4000012080002;agriculture and forestry;white_paper and annual_report;林業;白書_年次報告;白書_年次報告書等;農業_林業,農林水産業,農林水産省
https://www.data.go.jp/data/dataset/maff_20140918_0073/resource/a3c792f8-4122-489a-8e2c-5dd40e272d74,http://www.rinya.maff.go.jp/j/kikaku/hakusyo/21hakusyo_h/other/h_18.epub,政府標準利用規約（第 2.0 版）,森林・林業白書 平成21年度（平成22年4月27日公表）,（3） 森林病害虫・野生鳥獣被害対策等の推進_epub,森林病害虫・野生鳥獣被害対策等の推進,epub,2014-09-26T14:55:34.986410,4000012080002;agriculture and forestry;white_paper and annual_report;林業;白書_年次報告;白書_年次報告書等;農業_林業,農林水産業,農林水産省
https://www.data.go.jp/data/dataset/maff_20140918_0073/resource/5f377e8a-f444-4a6e-a3dc-20593687a48a,http://www.rinya.maff.go.jp/j/kikaku/hakusyo/21hakusyo_h/other/h_19.epub,政府標準利用規約（第 2.0 版）,森林・林業白書 平成21年度（平成22年4月27日公表）,（4） 研究・技術開発及び普及_epub,研究・技術開発及び普及,epub,2014-09-26T14:55:34.986417,4000012080002;agriculture and forestry;white_paper and annual_report;林業;白書_年次報告;白書_年次報告書等;農業_林業,農林水産業,農林水産省
https://www.data.go.jp/data/dataset/maff_20140918_0073/resource/4cc5c6ea-30c3-45f5-bf08-cb282d69ab7b,http://www.rinya.maff.go.jp/j/kikaku/hakusyo/21hakusyo_h/other/h_20.epub,政府標準利用規約（第 2.0 版）,森林・林業白書 平成21年度（平成22年4月27日公表）,（1） 世界の森林の動向_epub,世界の森林の動向,epub,2014-09-26T14:55:34.986436,4000012080002;agriculture and forestry;white_paper and annual_report;林業;白書_年次報告;白書_年次報告書等;農業_林業,農林水産業,農林水産省
https://www.data.go.jp/data/dataset/maff_20140918_0073/resource/1d59a09d-acae-4b35-97d8-2945bb1022f7,http://www.rinya.maff.go.jp/j/kikaku/hakusyo/21hakusyo_h/other/h_21.epub,政府標準利用規約（第 2.0 版）,森林・林業白書 平成21年度（平成22年4月27日公表）,第IV章 林業・山村の活性化_epub1,林業・山村の活性化 ,epub,2014-09-26T14:55:34.986445,4000012080002;agriculture and forestry;white_paper and annual_report;林業;白書_年次報告;白書_年次報告書等;農業_林業,農林水産業,農林水産省
https://www.data.go.jp/data/dataset/maff_20140918_0073/resource/78cffbe5-eb3c-4a2c-b002-57357c33b72d,http://www.rinya.maff.go.jp/j/kikaku/hakusyo/21hakusyo_h/other/h_22.epub,政府標準利用規約（第 2.0 版）,森林・林業白書 平成21年度（平成22年4月27日公表）,（1） 林業産出額_epub,林業産出額,epub,2014-09-26T14:55:34.986451,4000012080002;agriculture and forestry;white_paper and annual_report;林業;白書_年次報告;白書_年次報告書等;農業_林業,農林水産業,農林水産省
https://www.data.go.jp/data/dataset/maff_20140918_0073/resource/b8495710-a600-403f-8904-2aaa1b34d1c2,http://www.rinya.maff.go.jp/j/kikaku/hakusyo/21hakusyo_h/other/h_23.epub,政府標準利用規約（第 2.0 版）,森林・林業白書 平成21年度（平成22年4月27日公表）,（3） 林業事業体の動向_epub,林業事業体の動向,epub,2014-09-26T14:55:34.986458,4000012080002;agriculture and forestry;white_paper and annual_report;林業;白書_年次報告;白書_年次報告書等;農業_林業,農林水産業,農林水産省
https://www.data.go.jp/data/dataset/maff_20140918_0073/resource/6b129105-6039-4cd5-81e4-374003290c49,http://www.rinya.maff.go.jp/j/kikaku/hakusyo/21hakusyo_h/other/h_24.epub,政府標準利用規約（第 2.0 版）,森林・林業白書 平成21年度（平成22年4月27日公表）,（4） 林業労働力の動向_epub,林業労働力の動向,epub,2014-09-26T14:55:34.986465,4000012080002;agriculture and forestry;white_paper and annual_report;林業;白書_年次報告;白書_年次報告書等;農業_林業,農林水産業,農林水産省
https://www.data.go.jp/data/dataset/maff_20140918_0073/resource/08decace-5731-487e-90ec-ab5a2eadda68,http://www.rinya.maff.go.jp/j/kikaku/hakusyo/21hakusyo_h/other/h_25.epub,政府標準利用規約（第 2.0 版）,森林・林業白書 平成21年度（平成22年4月27日公表）,（5） 効率的で安定的な林業経営の確立_epub,効率的で安定的な林業経営の確立,epub,2014-09-26T14:55:34.986471,4000012080002;agriculture and forestry;white_paper and annual_report;林業;白書_年次報告;白書_年次報告書等;農業_林業,農林水産業,農林水産省
https://www.data.go.jp/data/dataset/maff_20140918_0073/resource/6a7ec13b-1a9a-4a5b-88dd-a6a4c309d591,http://www.rinya.maff.go.jp/j/kikaku/hakusyo/21hakusyo_h/other/h_26.epub,政府標準利用規約（第 2.0 版）,森林・林業白書 平成21年度（平成22年4月27日公表）,（6） 森林の持続的な管理経営に向けた人材の育成_epub,森林の持続的な管理経営に向けた人材の育成,epub,2014-09-26T14:55:34.986478,4000012080002;agriculture and forestry;white_paper and annual_report;林業;白書_年次報告;白書_年次報告書等;農業_林業,農林水産業,農林水産省
https://www.data.go.jp/data/dataset/maff_20140918_0073/resource/7e17d7d4-d1da-4562-8a9e-ed5f48aa986d,http://www.rinya.maff.go.jp/j/kikaku/hakusyo/21hakusyo_h/other/h_27.epub,政府標準利用規約（第 2.0 版）,森林・林業白書 平成21年度（平成22年4月27日公表）,（1） 山村の現状と課題_epub,山村の現状と課題,epub,2014-09-26T14:55:34.986484,4000012080002;agriculture and forestry;white_paper and annual_report;林業;白書_年次報告;白書_年次報告書等;農業_林業,農林水産業,農林水産省
https://www.data.go.jp/data/dataset/maff_20140918_0073/resource/7414be9f-b85e-4e85-9b71-7fd05de3672d,http://www.rinya.maff.go.jp/j/kikaku/hakusyo/21hakusyo_h/other/h_28.epub,政府標準利用規約（第 2.0 版）,森林・林業白書 平成21年度（平成22年4月27日公表）,（2） 山村の活性化を目指して_epub,山村の活性化を目指して,epub,2014-09-26T14:55:34.986491,4000012080002;agriculture and forestry;white_paper and annual_report;林業;白書_年次報告;白書_年次報告書等;農業_林業,農林水産業,農林水産省
https://www.data.go.jp/data/dataset/maff_20140918_0073/resource/072dd54f-f0b1-4434-8968-4d5d5d87968e,http://www.rinya.maff.go.jp/j/kikaku/hakusyo/21hakusyo_h/other/h_29.epub,政府標準利用規約（第 2.0 版）,森林・林業白書 平成21年度（平成22年4月27日公表）,第V章 林産物需給と木材産業_epub1,林産物需給と木材産業,epub,2014-09-26T14:55:34.986497,4000012080002;agriculture and forestry;white_paper and annual_report;林業;白書_年次報告;白書_年次報告書等;農業_林業,農林水産業,農林水産省
https://www.data.go.jp/data/dataset/maff_20140918_0073/resource/066acbeb-b0b3-4db3-9a40-1c58afdc750d,http://www.rinya.maff.go.jp/j/kikaku/hakusyo/21hakusyo_h/other/h_30.epub,政府標準利用規約（第 2.0 版）,森林・林業白書 平成21年度（平成22年4月27日公表）,（1） 木材需給の動向_epub,木材需給の動向,epub,2014-09-26T14:55:34.986504,4000012080002;agriculture and forestry;white_paper and annual_report;林業;白書_年次報告;白書_年次報告書等;農業_林業,農林水産業,農林水産省
https://www.data.go.jp/data/dataset/maff_20140918_0073/resource/d8e17bab-23dd-4dc6-8797-b7e89f2f141a,http://www.rinya.maff.go.jp/j/kikaku/hakusyo/21hakusyo_h/other/h_31.epub,政府標準利用規約（第 2.0 版）,森林・林業白書 平成21年度（平成22年4月27日公表）,（2） 世界の木材貿易の概況_epub,世界の木材貿易の概況,epub,2014-09-26T14:55:34.986511,4000012080002;agriculture and forestry;white_paper and annual_report;林業;白書_年次報告;白書_年次報告書等;農業_林業,農林水産業,農林水産省
https://www.data.go.jp/data/dataset/maff_20140918_0073/resource/f12b33fb-f836-4d0e-97ee-8e218021f906,http://www.rinya.maff.go.jp/j/kikaku/hakusyo/21hakusyo_h/other/h_32.epub,政府標準利用規約（第 2.0 版）,森林・林業白書 平成21年度（平成22年4月27日公表）,（4） 木材価格の動向_epub,木材価格の動向,epub,2014-09-26T14:55:34.986517,4000012080002;agriculture and forestry;white_paper and annual_report;林業;白書_年次報告;白書_年次報告書等;農業_林業,農林水産業,農林水産省
https://www.data.go.jp/data/dataset/maff_20140918_0073/resource/df16aa73-b695-44cf-9123-5daf86b6ea68,http://www.rinya.maff.go.jp/j/kikaku/hakusyo/21hakusyo_h/other/h_33.epub,政府標準利用規約（第 2.0 版）,森林・林業白書 平成21年度（平成22年4月27日公表）,（1） 木材産業を取り巻く状況_epub,木材産業を取り巻く状況,epub,2014-09-26T14:55:34.986523,4000012080002;agriculture and forestry;white_paper and annual_report;林業;白書_年次報告;白書_年次報告書等;農業_林業,農林水産業,農林水産省
https://www.data.go.jp/data/dataset/maff_20140918_0073/resource/b6253015-95ce-45e5-90c3-c33b4e2fdc18,http://www.rinya.maff.go.jp/j/kikaku/hakusyo/21hakusyo_h/other/h_34.epub,政府標準利用規約（第 2.0 版）,森林・林業白書 平成21年度（平成22年4月27日公表）,（2） 国産材利用拡大に向けた取組_epub,国産材利用拡大に向けた取組,epub,2014-09-26T14:55:34.986530,4000012080002;agriculture and forestry;white_paper and annual_report;林業;白書_年次報告;白書_年次報告書等;農業_林業,農林水産業,農林水産省
https://www.data.go.jp/data/dataset/maff_20140918_0073/resource/1506fd09-d63a-49b0-bc2f-a288bf0aa7f6,http://www.rinya.maff.go.jp/j/kikaku/hakusyo/21hakusyo_h/other/h_35.epub,政府標準利用規約（第 2.0 版）,森林・林業白書 平成21年度（平成22年4月27日公表）,（1） 住宅等への木材利用_epub,住宅等への木材利用,epub,2014-09-26T14:55:34.986536,4000012080002;agriculture and forestry;white_paper and annual_report;林業;白書_年次報告;白書_年次報告書等;農業_林業,農林水産業,農林水産省
https://www.data.go.jp/data/dataset/maff_20140918_0073/resource/0007231e-d123-4321-8a88-ddf85f4fefe6,http://www.rinya.maff.go.jp/j/kikaku/hakusyo/21hakusyo_h/other/h_36.epub,政府標準利用規約（第 2.0 版）,森林・林業白書 平成21年度（平成22年4月27日公表）,（2） 木材利用の普及啓発_epub,木材利用の普及啓発,epub,2014-09-26T14:55:34.986543,4000012080002;agriculture and forestry;white_paper and annual_report;林業;白書_年次報告;白書_年次報告書等;農業_林業,農林水産業,農林水産省
https://www.data.go.jp/data/dataset/maff_20140918_0073/resource/81201720-92dc-4660-884b-91613ecc576f,http://www.rinya.maff.go.jp/j/kikaku/hakusyo/21hakusyo_h/other/h_37.epub,政府標準利用規約（第 2.0 版）,森林・林業白書 平成21年度（平成22年4月27日公表）,第VI章 「国民の森林（もり）」としての国有林野の取組_epub1,「国民の森林（もり）」としての国有林野の取組,epub,2014-09-26T14:55:34.986549,4000012080002;agriculture and forestry;white_paper and annual_report;林業;白書_年次報告;白書_年次報告書等;農業_林業,農林水産業,農林水産省
https://www.data.go.jp/data/dataset/maff_20140918_0073/resource/f9dcfc27-dddd-44d8-8db0-43589c346a71,http://www.rinya.maff.go.jp/j/kikaku/hakusyo/21hakusyo_h/other/h_38.epub,政府標準利用規約（第 2.0 版）,森林・林業白書 平成21年度（平成22年4月27日公表）,1 国有林野の役割_epub,国有林野の役割,epub,2014-09-26T14:55:34.986556,4000012080002;agriculture and forestry;white_paper and annual_report;林業;白書_年次報告;白書_年次報告書等;農業_林業,農林水産業,農林水産省
https://www.data.go.jp/data/dataset/maff_20140918_0073/resource/c784d93a-0f4f-424d-8a5e-4f59c17c39ff,http://www.rinya.maff.go.jp/j/kikaku/hakusyo/21hakusyo_h/other/h_39.epub,政府標準利用規約（第 2.0 版）,森林・林業白書 平成21年度（平成22年4月27日公表）,（1） 管理経営に関する基本計画_epub,管理経営に関する基本計画,epub,2014-09-26T14:55:34.986563,4000012080002;agriculture and forestry;white_paper and annual_report;林業;白書_年次報告;白書_年次報告書等;農業_林業,農林水産業,農林水産省
https://www.data.go.jp/data/dataset/maff_20140918_0073/resource/7faf9805-da37-41fc-bf96-8925fb3070cb,http://www.rinya.maff.go.jp/j/kikaku/hakusyo/21hakusyo_h/other/h_40.epub,政府標準利用規約（第 2.0 版）,森林・林業白書 平成21年度（平成22年4月27日公表）,（4） 国民に開かれた国有林野_epub,国民に開かれた国有林野,epub,2014-09-26T14:55:34.986569,4000012080002;agriculture and forestry;white_paper and annual_report;林業;白書_年次報告;白書_年次報告書等;農業_林業,農林水産業,農林水産省
https://www.data.go.jp/data/dataset/maff_20140918_0073/resource/0784beb0-f5c6-47cb-827e-f31e2efbaddf,http://www.rinya.maff.go.jp/j/kikaku/hakusyo/21hakusyo_h/other/h_41.epub,政府標準利用規約（第 2.0 版）,森林・林業白書 平成21年度（平成22年4月27日公表）,（6） 生物多様性の保全_epub,生物多様性の保全,epub,2014-09-26T14:55:34.986575,4000012080002;agriculture and forestry;white_paper and annual_report;林業;白書_年次報告;白書_年次報告書等;農業_林業,農林水産業,農林水産省
https://www.data.go.jp/data/dataset/maff_20140918_0073/resource/cfe0bd2f-15aa-473f-8348-3d373d1ed6b6,http://www.rinya.maff.go.jp/j/kikaku/hakusyo/21hakusyo_h/other/h_42.epub,政府標準利用規約（第 2.0 版）,森林・林業白書 平成21年度（平成22年4月27日公表）,3 国有林野事業における改革の取組_epub,国有林野事業における改革の取組,epub,2014-09-26T14:55:34.986582,4000012080002;agriculture and forestry;white_paper and annual_report;林業;白書_年次報告;白書_年次報告書等;農業_林業,農林水産業,農林水産省
https://www.data.go.jp/data/dataset/maff_20140918_0073/resource/09884715-9196-4042-91e6-4e81665d3a14,http://www.rinya.maff.go.jp/j/kikaku/hakusyo/21hakusyo_h/other/h_43.epub,政府標準利用規約（第 2.0 版）,森林・林業白書 平成21年度（平成22年4月27日公表）,概説_epub1,概説,epub,2014-09-26T14:55:34.986588,4000012080002;agriculture and forestry;white_paper and annual_report;林業;白書_年次報告;白書_年次報告書等;農業_林業,農林水産業,農林水産省
https://www.data.go.jp/data/dataset/maff_20140918_0073/resource/3a9ddfa7-6461-49ec-8b00-48a75657839c,http://www.rinya.maff.go.jp/j/kikaku/hakusyo/21hakusyo_h/other/h_44.epub,政府標準利用規約（第 2.0 版）,森林・林業白書 平成21年度（平成22年4月27日公表）,I 森林のもつ多面的機能の持続的な発揮に向けた整備と保全_epub1,森林のもつ多面的機能の持続的な発揮に向けた整備と保全,epub,2014-09-26T14:55:34.986595,4000012080002;agriculture and forestry;white_paper and annual_report;林業;白書_年次報告;白書_年次報告書等;農業_林業,農林水産業,農林水産省
https://www.data.go.jp/data/dataset/maff_20140918_0073/resource/79410ad3-4562-458f-882a-ab7fbb319fc2,http://www.rinya.maff.go.jp/j/kikaku/hakusyo/21hakusyo_h/other/h_45.epub,政府標準利用規約（第 2.0 版）,森林・林業白書 平成21年度（平成22年4月27日公表）,II 林業の持続的かつ健全な発展と森林を支える山村の活性化_epub1,林業の持続的かつ健全な発展と森林を支える山村の活性化,epub,2014-09-26T14:55:34.986601,4000012080002;agriculture and forestry;white_paper and annual_report;林業;白書_年次報告;白書_年次報告書等;農業_林業,農林水産業,農林水産省
https://www.data.go.jp/data/dataset/maff_20140918_0073/resource/299ee2fb-8f0a-4a96-990b-25513ebf13ba,http://www.rinya.maff.go.jp/j/kikaku/hakusyo/21hakusyo_h/other/h_46.epub,政府標準利用規約（第 2.0 版）,森林・林業白書 平成21年度（平成22年4月27日公表）,III 林産物の供給及び利用の確保による国産材競争力の向上_epub1,林産物の供給及び利用の確保による国産材競争力の向上,epub,2014-09-26T14:55:34.986608,4000012080002;agriculture and forestry;white_paper and annual_report;林業;白書_年次報告;白書_年次報告書等;農業_林業,農林水産業,農林水産省
https://www.data.go.jp/data/dataset/maff_20140918_0073/resource/0d3b01e6-d71d-4084-83a9-8f4e031b0066,http://www.rinya.maff.go.jp/j/kikaku/hakusyo/21hakusyo_h/other/h_47.epub,政府標準利用規約（第 2.0 版）,森林・林業白書 平成21年度（平成22年4月27日公表）,IV 森林・林業・木材産業に関する研究・技術開発と普及_epub1,森林・林業・木材産業に関する研究・技術開発と普及,epub,2014-09-26T14:55:34.986615,4000012080002;agriculture and forestry;white_paper and annual_report;林業;白書_年次報告;白書_年次報告書等;農業_林業,農林水産業,農林水産省
https://www.data.go.jp/data/dataset/maff_20140918_0073/resource/701eb02c-7651-43f4-9bfb-f8a51c1b15fd,http://www.rinya.maff.go.jp/j/kikaku/hakusyo/21hakusyo_h/other/h_48.epub,政府標準利用規約（第 2.0 版）,森林・林業白書 平成21年度（平成22年4月27日公表）,V 国有林野の適切かつ効率的な管理経営の推進_epub1,国有林野の適切かつ効率的な管理経営の推進,epub,2014-09-26T14:55:34.986621,4000012080002;agriculture and forestry;white_paper and annual_report;林業;白書_年次報告;白書_年次報告書等;農業_林業,農林水産業,農林水産省
https://www.data.go.jp/data/dataset/maff_20140918_0073/resource/8f7f08da-5df7-4c67-8c8f-11862ec62eb4,http://www.rinya.maff.go.jp/j/kikaku/hakusyo/21hakusyo_h/other/h_49.epub,政府標準利用規約（第 2.0 版）,森林・林業白書 平成21年度（平成22年4月27日公表）,VI 持続可能な森林経営の実現に向けた国際的な取組の推進_epub1,持続可能な森林経営の実現に向けた国際的な取組の推進,epub,2014-09-26T14:55:34.986628,4000012080002;agriculture and forestry;white_paper and annual_report;林業;白書_年次報告;白書_年次報告書等;農業_林業,農林水産業,農林水産省
https://www.data.go.jp/data/dataset/maff_20140918_0073/resource/fec1a9e9-8dd3-42a6-bb8a-424bcc070116,http://www.rinya.maff.go.jp/j/kikaku/hakusyo/21hakusyo_h/other/h_50.epub,政府標準利用規約（第 2.0 版）,森林・林業白書 平成21年度（平成22年4月27日公表）,概説_epub2,概説,epub,2014-09-26T14:55:34.986634,4000012080002;agriculture and forestry;white_paper and annual_report;林業;白書_年次報告;白書_年次報告書等;農業_林業,農林水産業,農林水産省
https://www.data.go.jp/data/dataset/maff_20140918_0073/resource/00f06baf-eb38-48e0-b54b-4779dc02e1ea,http://www.rinya.maff.go.jp/j/kikaku/hakusyo/21hakusyo_h/other/h_51.epub,政府標準利用規約（第 2.0 版）,森林・林業白書 平成21年度（平成22年4月27日公表）,I 森林のもつ多面的機能の持続的な発揮に向けた整備と保全_epub2,森林のもつ多面的機能の持続的な発揮に向けた整備と保全,epub,2014-09-26T14:55:34.986641,4000012080002;agriculture and forestry;white_paper and annual_report;林業;白書_年次報告;白書_年次報告書等;農業_林業,農林水産業,農林水産省
https://www.data.go.jp/data/dataset/maff_20140918_0073/resource/137ede39-824c-4fdb-8f5e-2153de5a8a71,http://www.rinya.maff.go.jp/j/kikaku/hakusyo/21hakusyo_h/other/h_52.epub,政府標準利用規約（第 2.0 版）,森林・林業白書 平成21年度（平成22年4月27日公表）,II 林業の持続的かつ健全な発展と森林を支える山村の活性化_epub2,林業の持続的かつ健全な発展と森林を支える山村の活性化,epub,2014-09-26T14:55:34.986647,4000012080002;agriculture and forestry;white_paper and annual_report;林業;白書_年次報告;白書_年次報告書等;農業_林業,農林水産業,農林水産省
https://www.data.go.jp/data/dataset/maff_20140918_0073/resource/dec6bf6d-6a7c-4898-b4f2-91412e69ea20,http://www.rinya.maff.go.jp/j/kikaku/hakusyo/21hakusyo_h/other/h_53.epub,政府標準利用規約（第 2.0 版）,森林・林業白書 平成21年度（平成22年4月27日公表）,III 林産物の供給及び利用の確保による国産材競争力の向上_epub2,林産物の供給及び利用の確保による国産材競争力の向上,epub,2014-09-26T14:55:34.986654,4000012080002;agriculture and forestry;white_paper and annual_report;林業;白書_年次報告;白書_年次報告書等;農業_林業,農林水産業,農林水産省
https://www.data.go.jp/data/dataset/maff_20140918_0073/resource/e7aef9a8-2487-451f-91d5-a2f5581cc57b,http://www.rinya.maff.go.jp/j/kikaku/hakusyo/21hakusyo_h/other/h_54.epub,政府標準利用規約（第 2.0 版）,森林・林業白書 平成21年度（平成22年4月27日公表）,IV 森林・林業・木材産業に関する研究・技術開発と普及_epub2,森林・林業・木材産業に関する研究・技術開発と普及,epub,2014-09-26T14:55:34.986660,4000012080002;agriculture and forestry;white_paper and annual_report;林業;白書_年次報告;白書_年次報告書等;農業_林業,農林水産業,農林水産省
https://www.data.go.jp/data/dataset/maff_20140918_0073/resource/c9ebd0ac-57e6-4954-b9db-bff51afd22f3,http://www.rinya.maff.go.jp/j/kikaku/hakusyo/21hakusyo_h/other/h_55.epub,政府標準利用規約（第 2.0 版）,森林・林業白書 平成21年度（平成22年4月27日公表）,V 国有林野の適切かつ効率的な管理経営の推進_epub2,国有林野の適切かつ効率的な管理経営の推進,epub,2014-09-26T14:55:34.986667,4000012080002;agriculture and forestry;white_paper and annual_report;林業;白書_年次報告;白書_年次報告書等;農業_林業,農林水産業,農林水産省
https://www.data.go.jp/data/dataset/maff_20140918_0073/resource/95b8a728-3c92-4518-9f04-ad8896ebbfc9,http://www.rinya.maff.go.jp/j/kikaku/hakusyo/21hakusyo_h/other/h_56.epub,政府標準利用規約（第 2.0 版）,森林・林業白書 平成21年度（平成22年4月27日公表）,VI 持続可能な森林経営の実現に向けた国際的な取組の推進_epub2,持続可能な森林経営の実現に向けた国際的な取組の推進,epub,2014-09-26T14:55:34.986673,4000012080002;agriculture and forestry;white_paper and annual_report;林業;白書_年次報告;白書_年次報告書等;農業_林業,農林水産業,農林水産省
https://www.data.go.jp/data/dataset/maff_20140918_0073/resource/6ce62314-ab8f-447b-87f3-76e3c43ed87a,http://www.rinya.maff.go.jp/j/kikaku/hakusyo/21hakusyo_h/other/s_01.epub,政府標準利用規約（第 2.0 版）,森林・林業白書 平成21年度（平成22年4月27日公表）,国民経済及び森林資源_epub,国民経済及び森林資源,epub,2014-09-26T14:55:34.986680,4000012080002;agriculture and forestry;white_paper and annual_report;林業;白書_年次報告;白書_年次報告書等;農業_林業,農林水産業,農林水産省
https://www.data.go.jp/data/dataset/maff_20140918_0073/resource/f880ae65-6894-45a2-8300-692e4b98880f,http://www.rinya.maff.go.jp/j/kikaku/hakusyo/21hakusyo_h/other/s_02.epub,政府標準利用規約（第 2.0 版）,森林・林業白書 平成21年度（平成22年4月27日公表）,森林の整備及び保全_epub,森林の整備及び保全,epub,2014-09-26T14:55:34.986686,4000012080002;agriculture and forestry;white_paper and annual_report;林業;白書_年次報告;白書_年次報告書等;農業_林業,農林水産業,農林水産省
https://www.data.go.jp/data/dataset/maff_20140918_0073/resource/c3621758-d237-4f62-adbd-b6b11c025eaf,http://www.rinya.maff.go.jp/j/kikaku/hakusyo/21hakusyo_h/other/s_03.epub,政府標準利用規約（第 2.0 版）,森林・林業白書 平成21年度（平成22年4月27日公表）,林業_epub,林業,epub,2014-09-26T14:55:34.986693,4000012080002;agriculture and forestry;white_paper and annual_report;林業;白書_年次報告;白書_年次報告書等;農業_林業,農林水産業,農林水産省
https://www.data.go.jp/data/dataset/maff_20140918_0073/resource/3d613d41-5ec2-47e6-bd9d-dc57576ef63d,http://www.rinya.maff.go.jp/j/kikaku/hakusyo/21hakusyo_h/other/s_04.epub,政府標準利用規約（第 2.0 版）,森林・林業白書 平成21年度（平成22年4月27日公表）,林産物_epub,林産物,epub,2014-09-26T14:55:34.986699,4000012080002;agriculture and forestry;white_paper and annual_report;林業;白書_年次報告;白書_年次報告書等;農業_林業,農林水産業,農林水産省
https://www.data.go.jp/data/dataset/maff_20140918_0073/resource/e481a147-778e-4b3b-b988-ebe7ce204231,http://www.rinya.maff.go.jp/j/kikaku/hakusyo/21hakusyo_h/other/s_05.epub,政府標準利用規約（第 2.0 版）,森林・林業白書 平成21年度（平成22年4月27日公表）,木材産業等_epub,木材産業等,epub,2014-09-26T14:55:34.986706,4000012080002;agriculture and forestry;white_paper and annual_report;林業;白書_年次報告;白書_年次報告書等;農業_林業,農林水産業,農林水産省
https://www.data.go.jp/data/dataset/maff_20140918_0073/resource/07e6b935-16ad-4768-8ea8-e1724a987136,http://www.rinya.maff.go.jp/j/kikaku/hakusyo/21hakusyo_h/other/s_06.epub,政府標準利用規約（第 2.0 版）,森林・林業白書 平成21年度（平成22年4月27日公表）,海外の森林_epub,海外の森林,epub,2014-09-26T14:55:34.986712,4000012080002;agriculture and forestry;white_paper and annual_report;林業;白書_年次報告;白書_年次報告書等;農業_林業,農林水産業,農林水産省
https://www.data.go.jp/data/dataset/maff_20140918_0073/resource/b50fdedc-e71a-4181-9a9c-619c6f4cc664,http://www.rinya.maff.go.jp/j/kikaku/hakusyo/21hakusyo_h/other/s_07.epub,政府標準利用規約（第 2.0 版）,森林・林業白書 平成21年度（平成22年4月27日公表）,国有林野事業_epub,国有林野事業,epub,2014-09-26T14:55:34.986719,4000012080002;agriculture and forestry;white_paper and annual_report;林業;白書_年次報告;白書_年次報告書等;農業_林業,農林水産業,農林水産省
https://www.data.go.jp/data/dataset/maff_20140918_0073/resource/30ee9529-6b46-45b4-b293-56c5a7db9b5b,http://www.rinya.maff.go.jp/j/kikaku/hakusyo/21hakusyo_h/other/s_08.epub,政府標準利用規約（第 2.0 版）,森林・林業白書 平成21年度（平成22年4月27日公表）,その他_epub,その他,epub,2014-09-26T14:55:34.986725,4000012080002;agriculture and forestry;white_paper and annual_report;林業;白書_年次報告;白書_年次報告書等;農業_林業,農林水産業,農林水産省
https://www.data.go.jp/data/dataset/maff_20140918_0073/resource/4e6e06d2-44c8-4a3a-aec5-c96b6e9c756e,http://www.rinya.maff.go.jp/j/kikaku/hakusyo/21hakusyo_h/other/s_09.epub,政府標準利用規約（第 2.0 版）,森林・林業白書 平成21年度（平成22年4月27日公表）,用語の解説_epub,用語の解説,epub,2014-09-26T14:55:34.986731,4000012080002;agriculture and forestry;white_paper and annual_report;林業;白書_年次報告;白書_年次報告書等;農業_林業,農林水産業,農林水産省
https://www.data.go.jp/data/dataset/maff_20140918_0073/resource/0fbd75b6-dad8-48c7-99a6-0642d19195ad,http://www.rinya.maff.go.jp/j/kikaku/hakusyo/21hakusyo_h/other/s_10.epub,政府標準利用規約（第 2.0 版）,森林・林業白書 平成21年度（平成22年4月27日公表）,用語の索引_epub,用語の索引,epub,2014-09-26T14:55:34.986738,4000012080002;agriculture and forestry;white_paper and annual_report;林業;白書_年次報告;白書_年次報告書等;農業_林業,農林水産業,農林水産省
https://www.data.go.jp/data/dataset/maff_20140918_0073/resource/502a1f7b-01fc-467a-95ea-4821f6f0f4ab,http://www.rinya.maff.go.jp/j/kikaku/hakusyo/21hakusyo_h/other/g_01.epub,政府標準利用規約（第 2.0 版）,森林・林業白書 平成21年度（平成22年4月27日公表）,トピックス_epub2,トピックス,epub,2014-09-26T14:55:34.986757,4000012080002;agriculture and forestry;white_paper and annual_report;林業;白書_年次報告;白書_年次報告書等;農業_林業,農林水産業,農林水産省
https://www.data.go.jp/data/dataset/maff_20140918_0073/resource/c7c9d980-b7a8-47dd-9f34-9bbc7b679b12,http://www.rinya.maff.go.jp/j/kikaku/hakusyo/21hakusyo_h/other/g_02.epub,政府標準利用規約（第 2.0 版）,森林・林業白書 平成21年度（平成22年4月27日公表）,第I章 林業の再生に向けた生産性向上の取組_epub2,林業の再生に向けた生産性向上の取組,epub,2014-09-26T14:55:34.986763,4000012080002;agriculture and forestry;white_paper and annual_report;林業;白書_年次報告;白書_年次報告書等;農業_林業,農林水産業,農林水産省
https://www.data.go.jp/data/dataset/maff_20140918_0073/resource/4f3cbd1d-fdd5-4927-bac1-dc2aab99b2a4,http://www.rinya.maff.go.jp/j/kikaku/hakusyo/21hakusyo_h/other/g_03.epub,政府標準利用規約（第 2.0 版）,森林・林業白書 平成21年度（平成22年4月27日公表）,第II章 地球温暖化と森林_epub2,地球温暖化と森林,epub,2014-09-26T14:55:34.986770,4000012080002;agriculture and forestry;white_paper and annual_report;林業;白書_年次報告;白書_年次報告書等;農業_林業,農林水産業,農林水産省
https://www.data.go.jp/data/dataset/maff_20140918_0073/resource/ff8b27e8-c866-4546-99c4-ee2370e7b5ab,http://www.rinya.maff.go.jp/j/kikaku/hakusyo/21hakusyo_h/other/g_04.epub,政府標準利用規約（第 2.0 版）,森林・林業白書 平成21年度（平成22年4月27日公表）,第III章 多様で健全な森林の整備・保全_epub2,多様で健全な森林の整備・保全,epub,2014-09-26T14:55:34.986776,4000012080002;agriculture and forestry;white_paper and annual_report;林業;白書_年次報告;白書_年次報告書等;農業_林業,農林水産業,農林水産省
https://www.data.go.jp/data/dataset/maff_20140918_0073/resource/7681688b-19b5-45d9-94a1-a5fb40d85ee8,http://www.rinya.maff.go.jp/j/kikaku/hakusyo/21hakusyo_h/other/g_05.epub,政府標準利用規約（第 2.0 版）,森林・林業白書 平成21年度（平成22年4月27日公表）,第IV章 林業・山村の活性化_epub2,林業・山村の活性化,epub,2014-09-26T14:55:34.986783,4000012080002;agriculture and forestry;white_paper and annual_report;林業;白書_年次報告;白書_年次報告書等;農業_林業,農林水産業,農林水産省
https://www.data.go.jp/data/dataset/maff_20140918_0073/resource/3c378475-042f-4e95-a8df-4229284f111a,http://www.rinya.maff.go.jp/j/kikaku/hakusyo/21hakusyo_h/other/g_06.epub,政府標準利用規約（第 2.0 版）,森林・林業白書 平成21年度（平成22年4月27日公表）,第V章 林産物需給と木材産業_epub2,林産物需給と木材産業,epub,2014-09-26T14:55:34.986790,4000012080002;agriculture and forestry;white_paper and annual_report;林業;白書_年次報告;白書_年次報告書等;農業_林業,農林水産業,農林水産省
https://www.data.go.jp/data/dataset/maff_20140918_0073/resource/34dc66b8-cd1e-410d-874b-fa13cebde734,http://www.rinya.maff.go.jp/j/kikaku/hakusyo/21hakusyo_h/other/g_07.epub,政府標準利用規約（第 2.0 版）,森林・林業白書 平成21年度（平成22年4月27日公表）,第VI章 「国民の森林（もり）」としての国有林野の取組_epub2,「国民の森林（もり）」としての国有林野の取組,epub,2014-09-26T14:55:34.986796,4000012080002;agriculture and forestry;white_paper and annual_report;林業;白書_年次報告;白書_年次報告書等;農業_林業,農林水産業,農林水産省
https://www.data.go.jp/data/dataset/maff_20140918_0073/resource/ed69ca35-57ee-4d6c-a130-23d54fa67a85,http://www.rinya.maff.go.jp/j/kikaku/hakusyo/21hakusyo_h/other/g_08.epub,政府標準利用規約（第 2.0 版）,森林・林業白書 平成21年度（平成22年4月27日公表）,平成22年度 森林及び林業施策_epub,平成22年度 森林及び林業施策,epub,2014-09-26T14:55:34.986802,4000012080002;agriculture and forestry;white_paper and annual_report;林業;白書_年次報告;白書_年次報告書等;農業_林業,農林水産業,農林水産省
https://www.data.go.jp/data/dataset/mlit_20140919_0040/resource/f34884ef-900e-486b-b3ae-067edf57bd5c,http://www.mlit.go.jp/hakusyo/mlit/h24/hakusho/h25/epub/kokudokotsu2013.epub,CC-BY,平成２４年度_国土交通白書,国土交通白書電子書籍（ePub版）,"平成24年度国土交通白書
はじめに
第Ⅰ部　 若者の暮らしと国土交通行政
　　第1章　 現在の若者の意識・行動の特徴
　　第2章　 若者の暮らしにおける変化
　　第3章　 国土交通分野における取組み
第Ⅱ部　 国土交通行政の動向",epub,2014-09-26T15:26:50.284391,G空間;accommodations and eating_and_drinking_services;business and household and economy;climate;construction;disaster;environment;international;land;real estate and goods_rental_and_leasing;security;sightseeing;statistics;transport and postal_services;white_paper and annual_report;不動産業_物品賃貸業;交通;企業_家計_経済;住宅;国土;国際;土地;地理;安全;宿泊業_飲食サービス業;建設;建設業;気象;災害;環境;産業;白書_年次報告;白書_年次報告書等;社会;統計;観光;運輸業_郵便業,国土・気象,国土交通省
https://www.data.go.jp/data/dataset/mlit_20140919_0041/resource/ddac9c33-b65a-49e8-8f98-2c2b7ead3333,http://www.mlit.go.jp/hakusyo/transport/kankou2012.epub,CC-BY,平成２４年版 観光白書,電子書籍（epub版）,,epub,2014-09-26T15:21:57.828122,statistics;white_paper and annual_report;白書_年次報告;社会;統計,運輸・観光,国土交通省
https://www.data.go.jp/data/dataset/mlit_20150903_0151/resource/e4ab024a-57de-4b2b-a76a-5c12341754c5,http://www.mlit.go.jp/hakusyo/mlit/h25/hakusho/h26/epub/kokudokotsu2014.epub,CC-BY,貨物・旅客地域流動調査 旅客地域流動調査　平成25年分,国土交通白書電子書籍（ePub版）,"平成25年度国土交通白書
はじめに
第Ⅰ部　 これからの社会インフラの維持管理・更新に向けて～時代を越えて受け継がれる社会インフラ～
　　第1章　 これまでの社会インフラとこれからの課題
　　第2章　 これからの社会インフラのあり方
　　第3章　 国土交通分野における主な取組み
第Ⅱ部　 国土交通行政の動向",epub,2015-09-07T17:36:21.514880,statistics;transportation and tourism;交通;人の移動_ツーリズムに関する情報;平成25年;旅客県間流動調査;統計,運輸・観光,国土交通省
https://www.data.go.jp/data/dataset/mlit_20151013_0294/resource/bf3fef2a-4d71-4753-96e2-2db9b0edfd9a,http://www.mlit.go.jp/hakusyo/transport/kankou2015.epub,CC-BY,平成２７年版 観光白書,電子書籍（epub版）,,epub,2015-10-16T15:39:00.953350,statistics;white_paper and annual_report;白書_年次報告;社会;統計,運輸・観光,国土交通省
https://www.data.go.jp/data/dataset/mlit_20151013_0295/resource/7d206dd5-1bd6-4c7e-a4ef-ec5e7ec888d7,http://www.mlit.go.jp/hakusyo/transport/kankou2013.epub,CC-BY,平成２６年版 観光白書,電子書籍（epub版）,,epub,2015-10-16T15:39:02.873238,statistics;white_paper and annual_report;白書_年次報告;社会;統計,運輸・観光,国土交通省
https://www.data.go.jp/data/dataset/mlit_20151013_0296/resource/a7df4ecc-5da3-4cde-a062-3e0c244d60a2,http://www.mlit.go.jp/hakusyo/transport/kankou2013.epub,CC-BY,平成２５年版 観光白書,電子書籍（epub版）,,epub,2015-10-16T15:39:04.318980,statistics;white_paper and annual_report;白書_年次報告;社会;統計,運輸・観光,国土交通省
https://www.data.go.jp/data/dataset/mlit_20160819_0003/resource/76990be5-5062-4f7e-9e68-4f58e88f5037,http://www.mlit.go.jp/hakusyo/transport/kankou2016.epub,CC-BY,平成２８年版 観光白書,電子書籍（epub版）,,epub,2017-09-06T11:59:36.735996,statistics;white_paper and annual_report;白書_年次報告;社会;統計,運輸・観光,国土交通省
https://www.data.go.jp/data/dataset/mlit_20201105_0067/resource/7446461a-9167-4e2b-b33b-7df7f85a7c0f,http://www.mlit.go.jp/hakusyo/mlit/h24/hakusho/h25/epub/kokudokotsu2013.epub,CC-BY,平成２４年度_国土交通白書,国土交通白書電子書籍（ePub版）,"平成24年度国土交通白書
はじめに
第Ⅰ部　 若者の暮らしと国土交通行政
　　第1章　 現在の若者の意識・行動の特徴
　　第2章　 若者の暮らしにおける変化
　　第3章　 国土交通分野における取組み
第Ⅱ部　 国土交通行政の動向",epub,2020-12-07T07:37:08.427101,G空間;accommodations and eating_and_drinking_services;business and household and economy;climate;construction;disaster;environment;international;land;real estate and goods_rental_and_leasing;security;sightseeing;statistics;transport and postal_services;white_paper and annual_report;不動産業_物品賃貸業;交通;企業_家計_経済;住宅;国土;国際;土地;地理;安全;宿泊業_飲食サービス業;建設;建設業;気象;災害;環境;産業;白書_年次報告;白書_年次報告書等;社会;統計;観光;運輸業_郵便業,国土・気象,国土交通省
